{
  "version": "v4",
  "repo": "borisyankov/DefinitelyTyped",
  "ref": "master",
  "path": "typings",
  "bundle": "typings/tsd.d.ts",
  "installed": {
    "express/express.d.ts": {
      "commit": "bcd5761826eb567876c197ccc6a87c4d05731054"
    },
    "serve-static/serve-static.d.ts": {
      "commit": "bcd5761826eb567876c197ccc6a87c4d05731054"
    },
    "node/node.d.ts": {
      "commit": "bcd5761826eb567876c197ccc6a87c4d05731054"
    },
    "mime/mime.d.ts": {
      "commit": "bcd5761826eb567876c197ccc6a87c4d05731054"
    },
    "jquery/jquery.d.ts": {
      "commit": "5d0f2126c8dac8fce0ff020218aea06607213b0d"
    },
    "nodemailer-direct-transport/nodemailer-direct-transport.d.ts": {
      "commit": "44c9273e1e92bc95368f599d1dcda9f560a68956"
    },
    "nodemailer-smtp-transport/nodemailer-smtp-transport.d.ts": {
      "commit": "44c9273e1e92bc95368f599d1dcda9f560a68956"
    },
    "nodemailer/nodemailer.d.ts": {
      "commit": "44c9273e1e92bc95368f599d1dcda9f560a68956"
    },
    "nodemailer/nodemailer-types.d.ts": {
      "commit": "44c9273e1e92bc95368f599d1dcda9f560a68956"
    },
    "gulp-util/gulp-util.d.ts": {
      "commit": "bcd5761826eb567876c197ccc6a87c4d05731054"
    },
    "vinyl/vinyl.d.ts": {
      "commit": "bcd5761826eb567876c197ccc6a87c4d05731054"
    },
    "through2/through2.d.ts": {
      "commit": "bcd5761826eb567876c197ccc6a87c4d05731054"
    },
    "chalk/chalk.d.ts": {
      "commit": "bcd5761826eb567876c197ccc6a87c4d05731054"
    },
    "morgan/morgan.d.ts": {
      "commit": "bcd5761826eb567876c197ccc6a87c4d05731054"
    },
    "cookie-parser/cookie-parser.d.ts": {
      "commit": "bcd5761826eb567876c197ccc6a87c4d05731054"
    },
    "body-parser/body-parser.d.ts": {
      "commit": "bcd5761826eb567876c197ccc6a87c4d05731054"
    },
    "gulp-debug/gulp-debug.d.ts": {
      "commit": "bcd5761826eb567876c197ccc6a87c4d05731054"
    },
    "gulp-inject/gulp-inject.d.ts": {
      "commit": "bcd5761826eb567876c197ccc6a87c4d05731054"
    },
    "gulp-typescript/gulp-typescript.d.ts": {
      "commit": "bcd5761826eb567876c197ccc6a87c4d05731054"
    },
    "gulp-sourcemaps/gulp-sourcemaps.d.ts": {
      "commit": "bcd5761826eb567876c197ccc6a87c4d05731054"
    },
    "gulp-nodemon/gulp-nodemon.d.ts": {
      "commit": "bcd5761826eb567876c197ccc6a87c4d05731054"
    }
  }
}
